SECCION,POP,ESPECIE,INDIVIDUO,DAP,CLOROFILA,PH,AFE,GROSOR,AGUA,DENS_ESTOM,LONG_ESTOM,TANINOS,Ct,Nt,Pt
Lobatae,UME,Q. castanea,1,42.653,47.5,5.07,65.521,0.196,35.98,421.72,16.49,103.157,413.735,45.244,2.371
Lobatae,UME,Q. castanea,2,26.101,47.03,5.18,64.538,0.207,30.03,376.48,14.4,115.411,413.735,45.244,2.371
Lobatae,UME,Q. castanea,3,47.746,48.6,4.68,61.491,0.231,32.48,268.5,16.37,76.501,413.735,45.244,2.371
Lobatae,UME,Q. castanea,4,30.558,39.63,5.5,55.751,0.285,35.02,362.23,17.54,,413.735,45.244,2.371
Lobatae,UME,Q. castanea,5,51.566,48.53,5.31,63.771,0.236,32.89,397.54,14.04,,413.735,45.244,2.371
Lobatae,UME,Q. castanea,6,22.918,44.53,5.11,54.167,0.292,,,,,413.735,45.244,2.371
Lobatae,UME,Q. castanea,7,44.882,40.43,4.9,64.865,0.232,,,,,413.735,45.244,2.371
Lobatae,UME,Q. castanea,8,28.966,49.33,5.15,65.527,0.196,,,,,413.735,45.244,2.371
Lobatae,UME,Q. castanea,9,48.065,41.53,5.43,56.446,0.236,,,,,413.735,45.244,2.371
Lobatae,UME,Q. castanea,10,29.603,45.17,4.76,57.935,0.265,,,,,413.735,45.244,2.371
Quercus,UME,Q. obtusata,1,42.335,49.23,5.8,79.126,0.073,42.75,1074,13.14,77.641,458.707,39.923,2.424
Quercus,UME,Q. obtusata,2,35.014,48.57,4.6,81.066,0.061,36.75,697.52,14.84,148.816,458.707,39.923,2.424
Quercus,UME,Q. obtusata,3,36.287,45,5.86,69.259,0.078,40.43,935.37,14.14,123.954,458.707,39.923,2.424
Quercus,UME,Q. obtusata,4,42.653,43.07,6.56,61.351,0.103,42.73,909.11,16,,458.707,39.923,2.424
Quercus,UME,Q. obtusata,5,29.603,45.17,5.61,65.124,0.113,37.08,824.47,16.23,,458.707,39.923,2.424
Quercus,UME,Q. obtusata,6,44.245,39.73,5.56,72.922,0.086,,,,,458.707,39.923,2.424
Quercus,UME,Q. obtusata,7,50.929,49.27,5.47,60.367,0.096,,,,,458.707,39.923,2.424
Quercus,UME,Q. obtusata,8,38.834,52.23,4.28,59.348,0.114,,,,,458.707,39.923,2.424
Quercus,UME,Q. obtusata,9,51.884,45.1,4.5,67.578,0.072,,,,,458.707,39.923,2.424
Quercus,UME,Q. obtusata,10,42.972,48.1,5.94,75.251,0.081,,,,,458.707,39.923,2.424
Lobatae,ATE,Q. castanea,1,27.056,37.3,4.49,79.184,0.112,42.73,399.83,17.96,176.234,,,
Lobatae,ATE,Q. castanea,2,22.918,43.97,4.97,77.423,0.124,39.9,302.06,18.96,164.989,,,
Lobatae,ATE,Q. castanea,3,33.422,47.43,4.62,66.027,0.14,38.51,345.84,18.73,111.349,,,
Lobatae,ATE,Q. castanea,4,29.921,46.03,4.76,96.846,0.117,34.36,,,,,,
Lobatae,ATE,Q. castanea,5,28.966,52.23,4.87,70.513,0.136,38.48,,,,,,
Lobatae,ATE,Q. castanea,6,14.006,53.93,4.45,58.26,0.143,,,,,,,
Lobatae,ATE,Q. castanea,7,20.69,47.7,4.71,91.048,0.095,,,,,,,
Lobatae,ATE,Q. castanea,8,34.059,48.17,4.7,69.318,0.124,,,,,,,
Lobatae,ATE,Q. castanea,9,39.789,50.33,4.26,73.468,0.112,,,,,,,
Lobatae,ATE,Q. castanea,10,44.882,45.4,4.7,55.479,0.151,,,,,,,
Quercus,ATE,Q. obtusata,1,21.963,47.03,4.98,95.726,0.048,44.16,694.6,16.91,73.43,423.79,49.698,2.783
Quercus,ATE,Q. obtusata,2,16.552,43.33,5.3,88.683,0.083,41.31,666.87,17.51,52.346,423.79,49.698,2.783
Quercus,ATE,Q. obtusata,3,19.735,46.67,5.89,85.111,0.068,44.68,634.77,17.51,57.738,423.79,49.698,2.783
Quercus,ATE,Q. obtusata,4,20.372,41.27,5.15,101.175,0.054,40.2,712.11,17.62,,423.79,49.698,2.783
Quercus,ATE,Q. obtusata,5,21.008,37.7,4.72,105.751,0.064,36.99,644.99,18.98,,423.79,49.698,2.783
Quercus,ATE,Q. obtusata,6,18.462,47.2,5.6,84.191,0.13,,,,,423.79,49.698,2.783
Quercus,ATE,Q. obtusata,7,13.687,46.13,4.51,79.292,0.19,,,,,423.79,49.698,2.783
Quercus,ATE,Q. obtusata,8,14.006,43.23,3.84,88.226,0.13,,,,,423.79,49.698,2.783
Quercus,ATE,Q. obtusata,9,27.056,43.5,5.51,93.045,0.127,,,,,423.79,49.698,2.783
Quercus,ATE,Q. deserticola,2,23.873,38.03,3.88,100.242,0.117,38.5,561.81,16.64,129.176,433.443,59.855,3.41
Quercus,ATE,Q. deserticola,3,15.915,49,3.94,85.036,0.136,35.74,542.84,19.09,103.128,433.443,59.855,3.41
Quercus,ATE,Q. deserticola,4,13.369,46.87,4.26,99.944,0.102,39.18,601.21,17.11,73.086,433.443,59.855,3.41
Quercus,ATE,Q. deserticola,5,21.327,50.83,5.4,79.948,0.157,37.43,773.4,18.07,,433.443,59.855,3.41
Quercus,ATE,Q. deserticola,6,29.921,40.13,4.96,77.48,0.152,33.36,663.96,18.02,,433.443,59.855,3.41
Quercus,ATE,Q. deserticola,7,21.327,47.33,4.33,101.149,0.095,,,,,433.443,59.855,3.41
Quercus,ATE,Q. deserticola,8,16.234,53.97,4.18,94.807,0.115,,,,,433.443,59.855,3.41
Quercus,ATE,Q. deserticola,9,17.825,56.37,4.04,93.555,0.113,,,,,433.443,59.855,3.41
Quercus,ATE,Q. deserticola,10,33.104,49.87,3.59,92.382,0.106,,,,,433.443,59.855,3.41
Lobatae,REM ,Q. calophylla,1,121.276,53.3,6.05,112.756,0.097,41.67,513.65,13.19,77.953,481.213,46.073,2.975
Lobatae,REM ,Q. calophylla,2,61.115,45.4,3.96,77.718,0.126,39.36,402.75,19.19,114.228,481.213,46.073,2.975
Lobatae,REM ,Q. calophylla,3,73.848,47.23,5.4,83.151,0.104,36.18,580.9,16.5,59.242,481.213,46.073,2.975
Lobatae,REM ,Q. calophylla,5,50.929,50.3,5.96,83.606,0.109,38.01,431.94,21.18,,481.213,46.073,2.975
Lobatae,REM ,Q. calophylla,6,71.938,48.13,4.41,73.847,0.115,42.45,739.84,17.01,,481.213,46.073,2.975
Lobatae,REM ,Q. calophylla,7,35.332,50.53,6.31,69.63,0.115,,,,,481.213,46.073,2.975
Lobatae,REM ,Q. calophylla,8,55.386,47.9,5.4,76.642,0.115,,,,,481.213,46.073,2.975
Lobatae,REM ,Q. calophylla,9,62.389,51.5,4.1,100.286,0.131,,,,,481.213,46.073,2.975
Lobatae,REM ,Q. calophylla,10,53.794,46.33,6.12,67.218,0.143,,,,,481.213,46.073,2.975
Quercus,REM ,Q. obtusata,1,43.927,43.6,5.28,68.102,0.184,36.12,903.27,13.56,163.663,465.726,55.654,3.538
Quercus,REM ,Q. obtusata,2,47.746,44.17,5.34,70.032,0.181,37.32,932.46,13.91,146.838,465.726,55.654,3.538
Quercus,REM ,Q. obtusata,3,39.789,46.9,5.27,76.029,0.139,39.35,1012.71,13.85,212.59,465.726,55.654,3.538
Quercus,REM ,Q. obtusata,4,48.065,47.6,5.18,70.272,0.167,36.41,738.38,15.07,,465.726,55.654,3.538
Quercus,REM ,Q. obtusata,5,20.053,42.73,5.2,76.026,0.133,37.03,910.57,15.93,,465.726,55.654,3.538
Quercus,REM ,Q. obtusata,6,32.149,43.53,4.39,84.768,0.112,,,,,465.726,55.654,3.538
Quercus,REM ,Q. obtusata,7,39.47,41.83,4.07,74.696,0.095,,,,,465.726,55.654,3.538
Quercus,REM ,Q. obtusata,8,53.476,48.77,4.9,65.296,0.115,,,,,465.726,55.654,3.538
Quercus,REM ,Q. obtusata,9,36.924,50.2,5.05,80.987,0.077,,,,,465.726,55.654,3.538
Quercus,REM ,Q. obtusata,10,29.921,37.73,4.9,75.49,0.091,,,,,465.726,55.654,3.538
Lobatae,REM ,Q. crassipes,1,109.498,51.27,6.05,63.949,0.114,39.2,377.94,21.94,62.118,499.399,46.463,3.293
Lobatae,REM ,Q. crassipes,2,61.115,60.67,6,86.592,0.068,35.16,430.48,17.03,73.331,499.399,46.463,3.293
Lobatae,REM ,Q. crassipes,3,133.372,52.63,6.17,73.212,0.087,34.55,321.03,21.9,81.303,499.399,46.463,3.293
Lobatae,REM ,Q. crassipes,4,44.563,50.6,6.1,72.865,0.124,38.54,350.22,20.13,,499.399,46.463,3.293
Lobatae,REM ,Q. crassipes,5,45.518,47.77,6.38,76.581,0.111,36.99,348.76,25.25,,499.399,46.463,3.293
Lobatae,REM ,Q. crassipes,6,39.152,56.83,6.02,72.621,0.129,,,,,499.399,46.463,3.293
Lobatae,REM ,Q. crassipes,7,55.067,57.5,4.62,69.84,0.12,,,,,499.399,46.463,3.293
Lobatae,REM ,Q. crassipes,8,150,47.93,5.8,61.953,0.141,,,,,499.399,46.463,3.293
Lobatae,REM ,Q. crassipes,9,39.47,56,5.31,56.557,0.152,,,,,499.399,46.463,3.293
Lobatae,REM ,Q. crassipes,10,63.98,57.4,5.75,67.305,0.141,,,,,499.399,46.463,3.293
Lobatae,REM ,Q. castanea,1,26.42,47.73,5.76,63.677,0.096,32.79,,,85.251,464.539,46.861,2.808
Lobatae,REM ,Q. castanea,2,23.237,45.67,6.1,64.126,0.094,28.65,321.76,17.86,139.945,464.539,46.861,2.808
Lobatae,REM ,Q. castanea,3,34.059,44.43,5.84,80.285,0.079,36.35,403.77,13.89,75.207,464.539,46.861,2.808
Lobatae,REM ,Q. castanea,4,44.882,44.97,5.85,62.467,0.109,34.38,393.68,16.91,,464.539,46.861,2.808
Lobatae,REM ,Q. castanea,5,20.053,46.6,4.65,66.249,0.097,25.41,375.03,18.53,,464.539,46.861,2.808
Lobatae,REM ,Q. castanea,6,27.375,43.67,5,73.22,0.088,,,,,464.539,46.861,2.808
Lobatae,REM ,Q. castanea,7,43.608,48.03,4.37,58.535,0.145,,,,,464.539,46.861,2.808
Lobatae,REM ,Q. castanea,8,18.144,48.3,5.98,58.293,0.118,,,,,464.539,46.861,2.808
Lobatae,REM ,Q. castanea,9,35.651,46.43,5.62,74.804,0.092,,,,,464.539,46.861,2.808
Lobatae,REM ,Q. castanea,10,95.493,50.7,6.1,56.446,0.122,,,,,464.539,46.861,2.808
Quercus,REM ,Q. deserticola,1,27.375,40.57,5.85,64.911,0.214,29.73,586.62,17.35,142.069,462.051,53.215,3.363
Quercus,REM ,Q. deserticola,2,23.555,41.83,5.88,76.979,0.151,24.87,1079.84,12.11,106.868,462.051,53.215,3.363
Quercus,REM ,Q. deserticola,3,20.372,47.8,4.95,83.753,0.184,28.19,504.9,19.21,90.784,462.051,53.215,3.363
Quercus,REM ,Q. deserticola,4,29.921,41.6,5.61,84.842,0.161,21.23,662.5,18.14,,462.051,53.215,3.363
Quercus,REM ,Q. deserticola,5,35.332,45.8,5.38,69.576,0.211,19.26,585.16,20.83,,462.051,53.215,3.363
Quercus,REM ,Q. deserticola,6,24.51,43.47,5.94,90.143,0.132,,,,,462.051,53.215,3.363
Quercus,REM ,Q. deserticola,7,20.372,56.17,4.43,95.793,0.131,,,,,462.051,53.215,3.363
Quercus,REM ,Q. deserticola,8,30.876,46.9,5.29,86.574,0.159,,,,,462.051,53.215,3.363
Quercus,REM ,Q. deserticola,9,21.008,36.77,5.42,78.391,0.174,,,,,462.051,53.215,3.363
Quercus,REM ,Q. deserticola,10,13.051,45.87,5.41,70.261,0.197,,,,,462.051,53.215,3.363
Quercus,NOB,Q. glaucoides,1,34.059,39.57,5.53,106.718,0.155,45.97,318.11,18.99,130.133,444.644,53.078,3.641
Quercus,NOB,Q. glaucoides,2,25.465,45.63,4.97,98.812,0.155,44.43,548.68,17.18,140.158,444.644,53.078,3.641
Quercus,NOB,Q. glaucoides,3,22.918,42.07,5.81,113.723,0.139,43.43,509.28,18.52,123.845,444.644,53.078,3.641
Quercus,NOB,Q. glaucoides,4,23.873,38.4,5.85,110.321,0.113,37.68,545.76,18.35,,444.644,53.078,3.641
Quercus,NOB,Q. glaucoides,5,21.645,38.07,5.6,113.6,0.104,40.56,659.58,17.38,,444.644,53.078,3.641
Quercus,NOB,Q. glaucoides,6,24.51,39.17,6.37,95.442,0.141,,,,,444.644,53.078,3.641
Quercus,NOB,Q. glaucoides,7,36.606,36.1,6.3,94.179,0.149,,,,,444.644,53.078,3.641
Quercus,NOB,Q. glaucoides,8,11.777,45.73,5.81,85.255,0.145,,,,,444.644,53.078,3.641
Quercus,NOB,Q. glaucoides,9,53.794,40.03,5.58,87.874,0.158,,,,,444.644,53.078,3.641
Quercus,NOB,Q. glaucoides,10,63.662,39.87,5.59,97.467,0.111,,,,,444.644,53.078,3.641
Quercus,IRA ,Q. obtusata,1,30.876,45.5,5.3,57.395,0.208,41.2,677.09,17.99,135.615,443.95,46.431,3.145
Quercus,IRA ,Q. obtusata,2,35.651,41.37,5.02,55.978,0.166,39.74,752.97,16.99,143.396,443.95,46.431,3.145
Quercus,IRA ,Q. obtusata,3,47.746,42,4.6,65.351,0.138,28.6,821.55,16.21,140.069,443.95,46.431,3.145
Quercus,IRA ,Q. obtusata,4,28.011,40.33,5.94,66.462,0.128,34.41,1174.69,14.1,,443.95,46.431,3.145
Quercus,IRA ,Q. obtusata,5,15.597,43.9,5.48,62.349,0.15,34.88,637.69,14.89,,443.95,46.431,3.145
Quercus,IRA ,Q. obtusata,6,21.008,49.27,5.61,60.948,0.15,,,,,443.95,46.431,3.145
Quercus,IRA ,Q. obtusata,7,15.279,47.33,5.71,80.604,0.14,,,,,443.95,46.431,3.145
Quercus,IRA ,Q. obtusata,8,20.372,46.17,5.77,62.983,0.177,,,,,443.95,46.431,3.145
Quercus,IRA ,Q. obtusata,9,33.422,50,5.65,76.633,0.144,,,,,443.95,46.431,3.145
Quercus,IRA ,Q. obtusata,10,9.231,42.93,5.24,75.456,0.126,,,,,443.95,46.431,3.145
Lobatae,IRA ,Q. castanea,1,72,50.33,6.06,57.399,0.216,34.24,324.41,14.47,89.066,455.825,48.578,2.85
Lobatae,IRA ,Q. castanea,2,60.16,43.27,5.72,53.503,0.194,15.09,317.17,15.89,95.005,455.825,48.578,2.85
Lobatae,IRA ,Q. castanea,3,26.42,43.57,5.11,54.551,0.156,34.58,367.01,15.53,64.443,455.825,48.578,2.85
Lobatae,IRA ,Q. castanea,4,27.693,51.4,4.2,60.612,0.21,27.65,333.14,19.32,,455.825,48.578,2.85
Lobatae,IRA ,Q. castanea,5,20.372,46.5,5.4,64.145,0.199,39.03,340,19.49,,455.825,48.578,2.85
Lobatae,IRA ,Q. castanea,6,24.828,49.03,4.84,56.416,0.207,,,,,455.825,48.578,2.85
Lobatae,IRA ,Q. castanea,8,27.693,49.37,3.95,81.242,0.165,,,,,455.825,48.578,2.85
Lobatae,IRA ,Q. castanea,9,61.752,45.57,4.13,50.965,0.222,,,,,455.825,48.578,2.85
Lobatae,IRA ,Q. castanea,10,135,55.27,4.61,70.951,0.183,,,,,455.825,48.578,2.85
Lobatae,IRA ,Q. calophylla,1,28.966,52.73,6.2,81.285,0.073,37.75,411.51,18.21,54.845,425.284,49.545,2.889
Lobatae,IRA ,Q. calophylla,2,29.921,50.4,6.17,66.95,0.085,41.94,629.35,14.44,39.616,425.284,49.545,2.889
Lobatae,IRA ,Q. calophylla,3,31.194,55.13,6.11,63.998,0.096,38.46,585.16,15.42,54.254,425.284,49.545,2.889
Lobatae,CBU,Q. laurina ,1,47.11,45.37,4.9,69.131,0.084,36.91,388.16,20,150.574,495.892,37.374,1.79
Lobatae,CBU,Q. laurina ,2,11.777,39.5,5.25,59.104,0.099,37.93,567.65,20.29,148.726,495.892,37.374,1.79
Lobatae,CBU,Q. laurina ,3,33.741,46.3,5.25,56.777,0.107,36.1,398.37,22.56,192.492,495.892,37.374,1.79
Lobatae,CBU,Q. laurina ,4,13.051,47.37,4.87,58.088,0.108,40.92,519.49,17.49,,495.892,37.374,1.79
Lobatae,CBU,Q. laurina ,5,19.417,49.87,5.16,63.418,0.088,42.66,513.65,19.35,,495.892,37.374,1.79
Lobatae,CBU,Q. laurina ,6,21.645,50.4,3.64,79.394,0.054,,,,,495.892,37.374,1.79
Lobatae,CBU,Q. laurina ,7,19.099,49.5,5.19,61.063,0.089,,,,,495.892,37.374,1.79
Lobatae,CBU,Q. laurina ,8,44.882,40.57,5.2,81.331,0.052,,,,,495.892,37.374,1.79
Lobatae,CBU,Q. laurina ,9,26.738,35.27,5.78,80.072,0.048,,,,,495.892,37.374,1.79
Lobatae,CBU,Q. laurina ,10,88.172,37.43,5.16,82.845,0.054,,,,,495.892,37.374,1.79
Quercus,CBU,Q. rugosa,1,19.735,46.8,5.92,71.796,0.19,38.78,661.04,14.39,135.998,481.729,30.935,2.193
Quercus,CBU,Q. rugosa,2,104,45.83,6.09,55.294,0.245,37.13,659.58,14.54,116.695,481.729,30.935,2.193
Quercus,CBU,Q. rugosa,3,15.915,43.03,4.25,79.453,0.145,44.94,661.04,13.76,93.218,481.729,30.935,2.193
Quercus,CBU,Q. rugosa,4,36.924,52.17,4.54,52.247,0.218,42.14,716.49,17.35,,481.729,30.935,2.193
Quercus,CBU,Q. rugosa,5,20.372,52.6,5.1,56.169,0.238,38.22,716.49,15.33,,481.729,30.935,2.193
Quercus,CBU,Q. rugosa,6,11.459,50.47,5.24,63.905,0.133,,,,,481.729,30.935,2.193
Quercus,CBU,Q. rugosa,7,9.549,42.37,4.91,55.547,0.12,,,,,481.729,30.935,2.193
Quercus,CBU,Q. rugosa,8,37.242,45.03,5.12,64.97,0.141,,,,,481.729,30.935,2.193
Quercus,CBU,Q. rugosa,9,25.465,43.87,5.34,75.128,0.119,,,,,481.729,30.935,2.193
Quercus,CBU,Q. rugosa,10,10.504,44.07,4.93,60.073,0.121,,,,,481.729,30.935,2.193
Lobatae,SJT,Q. castanea,1,11.141,45.6,5.62,69.342,0.108,35.64,319.57,18,69.449,506.901,38.453,1.774
Lobatae,SJT,Q. castanea,2,5.093,43.8,4.9,73.903,0.097,37.94,304.98,20.8,165.686,506.901,38.453,1.774
Lobatae,SJT,Q. castanea,3,9.868,45.27,4.95,60.98,0.126,35.85,353.14,21.33,82.504,506.901,38.453,1.774
Lobatae,SJT,Q. castanea,4,8.913,46,5.05,76.396,0.101,40.86,344.38,17.56,,506.901,38.453,1.774
Lobatae,SJT,Q. castanea,5,8.913,51,5.43,77.884,0.085,40.38,342.92,19.56,,506.901,38.453,1.774
Lobatae,SJT,Q. castanea,6,9.868,58.37,4.98,75.508,0.108,,,,,506.901,38.453,1.774
Lobatae,SJT,Q. castanea,7,12.096,48.53,4.65,68.234,0.103,,,,,506.901,38.453,1.774
Lobatae,SJT,Q. castanea,8,13.369,46.83,5.19,70.462,0.086,,,,,506.901,38.453,1.774
Lobatae,SJT,Q. castanea,9,7.003,45.53,4,76.819,0.088,,,,,506.901,38.453,1.774
Lobatae,SJT,Q. castanea,10,9.549,50.2,5.18,76.054,0.082,,,,,506.901,38.453,1.774
Quercus,SJT,Q. obtusata,1,7.639,47.93,6.27,97.35,0.106,39.43,729.62,16.68,114.691,438.697,44.426,2.039
Quercus,SJT,Q. obtusata,2,8.594,47.8,5.81,84.09,0.136,42.32,758.81,13.8,91.741,438.697,44.426,2.039
Quercus,SJT,Q. obtusata,3,9.868,44.3,5.33,103.612,0.112,39.81,770.48,15.18,106.753,438.697,44.426,2.039
Quercus,SJT,Q. obtusata,4,15.915,51.63,5.72,82.799,0.137,36.1,1196.58,15.49,,438.697,44.426,2.039
Quercus,SJT,Q. obtusata,5,9.549,40,5.22,90.002,0.131,39.99,656.66,18.22,,438.697,44.426,2.039
Quercus,SJT,Q. obtusata,6,11.459,48,5.22,95.612,0.096,,,,,438.697,44.426,2.039
Quercus,SJT,Q. obtusata,7,9.549,49.63,5.36,85.82,0.111,,,,,438.697,44.426,2.039
Quercus,SJT,Q. obtusata,8,11.459,46.77,5.26,88.832,0.133,,,,,438.697,44.426,2.039
Quercus,SJT,Q. obtusata,9,12.414,46.8,5.73,73.318,0.157,,,,,438.697,44.426,2.039
Quercus,SJT,Q. obtusata,10,11.777,43.73,5.87,74.408,0.146,,,,,438.697,44.426,2.039
Quercus,SMM,Q. obtusata,1,36.606,41.47,5.82,77.217,0.159,30.48,633.31,16.19,155.011,449.863,46.758,2.419
Quercus,SMM,Q. obtusata,2,15.915,42.27,5.39,72.962,0.164,32.87,706.27,15.52,155.264,449.863,46.758,2.419
Quercus,SMM,Q. obtusata,3,18.144,43.63,5.47,79.755,0.165,36.29,744.21,16.48,145.763,449.863,46.758,2.419
Quercus,SMM,Q. obtusata,4,14.642,44.2,5.54,81.614,0.176,35.46,741.3,16.45,,449.863,46.758,2.419
Quercus,SMM,Q. obtusata,5,24.51,43.63,5.92,82.799,0.139,34.47,634.77,17.12,,449.863,46.758,2.419
Quercus,SMM,Q. obtusata,6,20.69,52.1,5.75,74.322,0.164,,,,,449.863,46.758,2.419
Quercus,SMM,Q. obtusata,7,20.69,43.3,5.52,73.527,0.17,,,,,449.863,46.758,2.419
Quercus,SMM,Q. obtusata,8,21.645,47.5,6.34,69.391,0.187,,,,,449.863,46.758,2.419
Quercus,SMM,Q. obtusata,10,23.237,43.4,5.76,72.35,0.177,,,,,449.863,46.758,2.419
Lobatae,SMM,Q. castanea,1,28.966,43.8,6.08,71.067,0.174,31.81,412.8,17.98,109.719,491.183,32.145,1.595
Lobatae,SMM,Q. castanea,2,17.825,49.77,5.97,55.694,0.212,25.23,286.74,15.61,79.785,491.183,32.145,1.595
Lobatae,SMM,Q. castanea,3,13.369,53.13,6.54,57.961,0.203,27.39,,,76.285,491.183,32.145,1.595
Lobatae,SMM,Q. castanea,4,28.33,50.7,6.07,59.483,0.195,33.27,321.35,15.87,,491.183,32.145,1.595
Lobatae,SMM,Q. castanea,5,9.549,46.73,6.1,60.918,0.188,29.57,437.77,14.61,,491.183,32.145,1.595
Lobatae,SMM,Q. castanea,6,18.78,47.67,5.24,59.679,0.195,,,,,491.183,32.145,1.595
Lobatae,SMM,Q. castanea,7,32.468,47.3,5.42,70.549,0.169,,,,,491.183,32.145,1.595
Lobatae,SMM,Q. castanea,8,33.422,40.43,6,63.113,0.169,,,,,491.183,32.145,1.595
Lobatae,SMM,Q. castanea,9,12.096,46.67,5.06,73.078,0.176,,,,,491.183,32.145,1.595
Lobatae,SMM,Q. castanea,10,25.465,51.7,5.61,59.183,0.197,,,,,491.183,32.145,1.595
Lobatae,SMM,Q. calophylla,1,13.051,46.93,6.69,74.663,0.139,34.55,363.35,19.88,65.563,426.926,41.224,1.383
Lobatae,SMM,Q. calophylla,2,59.524,36.47,5.75,61.672,0.144,36.39,493.22,20.94,110.102,426.926,41.224,1.383
Lobatae,SMM,Q. calophylla,3,7.958,55.6,5.88,71.292,0.134,34.92,395.45,21.26,58.874,426.926,41.224,1.383
Lobatae,SMM,Q. calophylla,4,21.327,50.7,6.16,83.188,0.092,39.38,445.07,19.86,,426.926,41.224,1.383
Lobatae,CHI ,Q. crassipes,1,25.783,46.8,5.25,50.709,0.193,18.96,303.52,19.42,149.8,489.357,39.945,2.716
Lobatae,CHI ,Q. crassipes,2,10.504,58.07,5.53,57.139,0.177,33.31,340,22.09,209.325,489.357,39.945,2.716
Lobatae,CHI ,Q. crassipes,3,36.924,54.63,5.71,50.053,0.18,37.8,500.52,15.66,86.877,489.357,39.945,2.716
Lobatae,CHI ,Q. crassipes,4,55.704,50.97,5.86,63.18,0.158,39.98,445.07,21.9,,489.357,39.945,2.716
Lobatae,CHI ,Q. crassipes,5,49.975,50.63,5.88,60.389,0.169,36.19,436.31,21.66,,489.357,39.945,2.716
Lobatae,CHI ,Q. crassipes,6,109,53.6,5.52,59.947,0.161,,,,,489.357,39.945,2.716
Lobatae,CHI ,Q. crassipes,7,107.588,51.1,5.76,65.919,0.164,,,,,489.357,39.945,2.716
Lobatae,CHI ,Q. crassipes,8,57.932,55.4,5.47,50.515,0.21,,,,,489.357,39.945,2.716
Lobatae,CHI ,Q. crassipes,9,62.07,57.7,5.16,51.049,0.234,,,,,489.357,39.945,2.716
Lobatae,CHI ,Q. crassipes,10,90,42.7,5.44,55.696,0.182,,,,,489.357,39.945,2.716
Lobatae,CHI ,Q. castanea,1,84.67,48.6,6.06,48.612,0.216,18.57,367.73,18.73,102.647,480.378,37.671,2.356
Lobatae,CHI ,Q. castanea,2,53.476,57.9,6.17,58.847,0.169,27.14,365.54,17.69,114.206,480.378,37.671,2.356
Lobatae,CHI ,Q. castanea,3,24.828,46.77,5.77,67.13,0.156,36.01,329.79,17.91,75.405,480.378,37.671,2.356
Lobatae,CHI ,Q. castanea,4,18.78,43.3,4.9,69.174,0.154,41.14,383.78,19.34,,480.378,37.671,2.356
Lobatae,CHI ,Q. castanea,5,55.704,45.87,5.73,51.053,0.178,34.32,344.38,17.85,,480.378,37.671,2.356
Lobatae,CHI ,Q. castanea,6,51.884,45.27,5.63,61.979,0.131,,,,,480.378,37.671,2.356
Lobatae,CHI ,Q. castanea,7,76.076,43.83,5.98,55.337,0.18,,,,,480.378,37.671,2.356
Lobatae,CHI ,Q. castanea,8,53.158,50.83,6.11,55.866,0.202,,,,,480.378,37.671,2.356
Lobatae,CHI ,Q. castanea,9,65.89,48.17,5.74,57.401,0.183,,,,,480.378,37.671,2.356
Lobatae,CHI ,Q. castanea,10,40.425,50.9,5.52,61.351,0.165,,,,,480.378,37.671,2.356
Quercus,CHI ,Q. obtusata,1,15.597,41.17,5.82,66.396,0.176,35.59,820.09,14.41,106.189,461.927,44.821,3.226
Quercus,CHI ,Q. obtusata,2,29.603,49.2,5.85,78.47,0.162,38.73,701.9,16.02,113.241,461.927,44.821,3.226
Quercus,CHI ,Q. obtusata,3,32.468,52.87,5.88,63.893,0.184,39.41,687.3,17.88,68.603,461.927,44.821,3.226
Quercus,CHI ,Q. obtusata,4,35.332,43.83,5.79,79.995,0.18,39.26,843.44,17.15,,461.927,44.821,3.226
Quercus,CHI ,Q. obtusata,5,27.056,41.53,5.64,63.499,0.236,41.54,823.01,19.45,,461.927,44.821,3.226
Quercus,CHI ,Q. obtusata,7,11.459,53.83,5.63,68.571,0.181,,,,,461.927,44.821,3.226
Quercus,CHI ,Q. obtusata,8,54.749,47.17,5.58,67.083,0.177,,,,,461.927,44.821,3.226
Quercus,CHI ,Q. obtusata,9,37.879,50.67,5.65,59.527,0.167,,,,,461.927,44.821,3.226
Quercus,CHI ,Q. obtusata,10,17.189,54.07,5.55,73.13,0.171,,,,,461.927,44.821,3.226
Lobatae,BSJ,Q. castanea,1,56.977,49.93,5.75,77.139,0.084,39.49,370.65,18.71,118.594,472.682,27.919,1.275
Lobatae,BSJ,Q. castanea,2,13.687,48.53,6.12,58.033,0.116,37.77,344.38,18.36,88.596,472.682,27.919,1.275
Lobatae,BSJ,Q. castanea,3,33.741,39.87,6.1,63.492,0.108,33.71,418.15,15.73,69.473,472.682,27.919,1.275
Lobatae,BSJ,Q. castanea,4,22.918,51.47,6.07,76.266,0.104,36.57,417.34,19.1,,472.682,27.919,1.275
Lobatae,BSJ,Q. castanea,5,60.16,48.73,5.75,69.58,0.102,32.48,338.54,18.51,,472.682,27.919,1.275
Lobatae,BSJ,Q. castanea,6,27.056,45.07,5.86,73.977,0.098,,,,,472.682,27.919,1.275
Lobatae,BSJ,Q. castanea,7,41.38,49.5,6.09,76.198,0.1,,,,,472.682,27.919,1.275
Lobatae,BSJ,Q. castanea,8,13.369,49.6,5.68,68.127,0.125,,,,,472.682,27.919,1.275
Lobatae,BSJ,Q. castanea,9,30.558,42.67,5.93,76.515,0.089,,,,,472.682,27.919,1.275
Lobatae,BSJ,Q. castanea,10,25.465,49.17,5.99,72.933,0.114,,,,,472.682,27.919,1.275
Quercus,BSJ,Q. obtusata,1,8.594,41.4,6.2,106.031,0.063,36.96,895.97,13.94,144.898,451.774,38.398,2.821
Quercus,BSJ,Q. obtusata,2,46.473,34.1,5.93,85.696,0.057,34.32,827.39,15.41,138.632,451.774,38.398,2.821
Quercus,BSJ,Q. obtusata,3,13.687,49.8,5.58,74.512,0.057,38.11,855.12,15.99,105.991,451.774,38.398,2.821
Quercus,BSJ,Q. obtusata,4,12.732,51.37,6.38,90.939,0.067,35.71,688.76,18.62,,451.774,38.398,2.821
Quercus,BSJ,Q. obtusata,5,50.611,46.57,6.01,84.991,0.117,38.78,811.34,17.15,,451.774,38.398,2.821
Quercus,BSJ,Q. obtusata,6,52.521,43.03,5.67,70.623,0.106,,,,,451.774,38.398,2.821
Quercus,BSJ,Q. obtusata,7,60.16,45.43,5.86,88.173,0.175,,,,,451.774,38.398,2.821
Quercus,BSJ,Q. obtusata,8,54.431,50.57,5.8,70.528,0.126,,,,,451.774,38.398,2.821
Quercus,BSJ,Q. obtusata,9,65.253,50.63,5.78,77.236,0.126,,,,,451.774,38.398,2.821
Quercus,BSJ,Q. obtusata,10,55.704,42.97,5.9,81.837,0.124,,,,,451.774,38.398,2.821
Lobatae,BSJ,Q. calophylla,1,25.783,48.73,6,79.319,0.08,45.04,436.31,21.74,63.481,465.965,43.475,2.466
Lobatae,BSJ,Q. calophylla,2,28.966,39.57,5.92,85.337,0.064,39.26,412.97,22.4,85.602,465.965,43.475,2.466
Lobatae,BSJ,Q. calophylla,3,74.166,44.93,5.73,78.115,0.099,41.5,408.59,19.28,45.351,465.965,43.475,2.466
Lobatae,BSJ,Q. calophylla,4,9.231,42.83,5.85,71.266,0.108,35.6,529.71,20.17,,465.965,43.475,2.466
Lobatae,BSJ,Q. calophylla,5,7.958,46.53,5.98,74.383,0.082,37.86,602.67,18,,465.965,43.475,2.466
Lobatae,BSJ,Q. calophylla,6,22.918,47.8,6.01,62.108,0.125,,,,,465.965,43.475,2.466
Lobatae,BSJ,Q. calophylla,7,12.096,48.17,5.95,81.146,0.089,,,,,465.965,43.475,2.466
Lobatae,BSJ,Q. calophylla,8,10.186,45.4,5.93,86.049,0.081,,,,,465.965,43.475,2.466
Lobatae,BSJ,Q. calophylla,9,9.231,41.07,5.88,79.495,0.094,,,,,465.965,43.475,2.466
Lobatae,BSJ,Q. calophylla,10,28.966,44.53,6.1,91.815,0.085,,,,,465.965,43.475,2.466
Lobatae,SJR,Q. resinosa,1,22.918,51.47,5.39,68.473,0.102,36.53,615.8,16.8,155.037,473.314,36.541,1.163
Lobatae,SJR,Q. resinosa,2,19.735,43.67,5.76,82.705,0.067,41.03,554.51,17.61,101.112,473.314,36.541,1.163
Lobatae,SJR,Q. resinosa,3,13.051,50.43,4.95,64.964,0.092,29.71,,,145.478,473.314,36.541,1.163
Lobatae,SJR,Q. resinosa,4,16.234,43.67,5.22,74.115,0.13,36.65,665.41,16.91,,473.314,36.541,1.163
Lobatae,SJR,Q. resinosa,5,18.144,43.5,5.36,83.066,0.138,36.21,748.59,18.17,,473.314,36.541,1.163
Lobatae,SJR,Q. resinosa,6,38.515,48.17,5.23,73.864,0.15,,,,,473.314,36.541,1.163
Lobatae,SJR,Q. resinosa,7,27.375,49.6,5.3,83.612,0.065,,,,,473.314,36.541,1.163
Lobatae,SJR,Q. resinosa,8,28.011,39.97,5.69,73.241,0.159,,,,,473.314,36.541,1.163
Lobatae,SJR,Q. resinosa,9,26.738,45.33,5.2,60.519,0.171,,,,,473.314,36.541,1.163
Lobatae,SJR,Q. resinosa,10,11.459,48.33,5.35,73.392,0.084,,,,,473.314,36.541,1.163
Lobatae,SJR,Q. castanea,1,19.735,54.17,5.91,72.675,0.15,32.3,290.39,19.1,164.461,463.32,38.449,1.583
Lobatae,SJR,Q. castanea,3,18.78,54.27,6.12,82.862,0.163,33.07,312.28,15.98,94.758,463.32,38.449,1.583
Lobatae,SJR,Q. castanea,4,10.823,50.23,5.89,69.746,0.187,30.52,431.94,13.8,99.474,463.32,38.449,1.583
Lobatae,SJR,Q. castanea,5,7.958,61.43,4.57,55.787,0.18,37.51,358.97,18.59,,463.32,38.449,1.583
Lobatae,SJR,Q. castanea,6,7.321,48.77,6,64.914,0.18,35.32,534.08,16.56,,463.32,38.449,1.583
Lobatae,SJR,Q. castanea,7,21.327,51.93,5.92,64.648,0.154,,,,,463.32,38.449,1.583
Lobatae,SJR,Q. castanea,8,21.008,46.6,5.34,74.811,0.161,,,,,463.32,38.449,1.583
Lobatae,SJR,Q. castanea,9,21.645,47.93,5.8,68.241,0.162,,,,,463.32,38.449,1.583
Lobatae,SJR,Q. castanea,10,15.915,51.93,5.8,71.003,0.122,,,,,463.32,38.449,1.583
Quercus,SJR,Q. obtusata,1,9.868,40.87,5.93,82.181,0.116,34.91,761.72,14.11,185.104,481.305,41.84,1.911
Quercus,SJR,Q. obtusata,2,19.099,40.53,5.76,75.699,0.135,30.6,849.28,14.78,273.059,481.305,41.84,1.911
Quercus,SJR,Q. obtusata,3,24.51,42.27,5.05,68.697,0.122,35.06,538.46,16.39,220.811,481.305,41.84,1.911
Quercus,SJR,Q. obtusata,4,8.594,42.47,5.48,67.972,0.134,41.45,790.91,19.35,,481.305,41.84,1.911
Quercus,SJR,Q. obtusata,5,17.507,38.83,5.47,82.838,0.149,42.81,555.97,19.06,,481.305,41.84,1.911
Quercus,SJR,Q. obtusata,6,10.823,42.3,5.49,81.464,0.145,,,,,481.305,41.84,1.911
Quercus,SJR,Q. obtusata,7,7.639,43.27,5.24,73.797,0.147,,,,,481.305,41.84,1.911
Quercus,COR ,Q. glaucoides,1,27.375,42.13,5.19,80.597,0.1,42.14,520.95,17.56,159.985,465.621,46.71,3.283
Quercus,COR ,Q. glaucoides,2,22.918,41.4,5.5,101.243,0.117,39.42,429.02,17.91,179.787,465.621,46.71,3.283
Quercus,COR ,Q. glaucoides,3,13.369,45.43,5.38,87.378,0.11,38.26,494.68,18.13,161.155,465.621,46.71,3.283
Quercus,COR ,Q. glaucoides,4,19.099,34.9,5.68,99.539,0.078,40.48,646.44,17.89,,465.621,46.71,3.283
Quercus,COR ,Q. glaucoides,5,20.69,40.8,5.73,121.568,0.105,39.84,602.67,17.76,,465.621,46.71,3.283
Quercus,COR ,Q. glaucoides,6,15.279,45.27,5.57,106.354,0.075,,,,,465.621,46.71,3.283
Quercus,COR ,Q. glaucoides,7,28.966,39.97,5.25,84.515,0.114,,,,,465.621,46.71,3.283
Quercus,COR ,Q. glaucoides,8,23.237,39.47,4.84,106.874,0.104,,,,,465.621,46.71,3.283
Quercus,COR ,Q. glaucoides,9,20.372,43.27,4.97,72.773,0.087,,,,,465.621,46.71,3.283
Quercus,COR ,Q. glaucoides,10,13.369,37.77,5.4,99.525,0.241,,,,,465.621,46.71,3.283
Lobatae,COR ,Q. castanea,1,15.915,39.97,5.29,67.27,0.277,36.58,395.45,19.36,163.384,497.903,39.206,2.179
Lobatae,COR ,Q. castanea,2,27.056,45.3,4.79,59.875,0.248,36.81,309.36,18.43,202.06,497.903,39.206,2.179
Lobatae,COR ,Q. castanea,3,22.282,43.13,5.03,65.414,0.268,34.78,305.8,18.22,151.167,497.903,39.206,2.179
Lobatae,COR ,Q. castanea,4,14.642,49.67,5.39,64.901,0.312,34.74,405.67,20.34,,497.903,39.206,2.179
Lobatae,COR ,Q. castanea,5,19.417,47.13,4.82,50.157,0.264,35.84,376.11,18.51,,497.903,39.206,2.179
Lobatae,COR ,Q. castanea,6,14.961,46.9,5.6,69.002,0.289,,,,,497.903,39.206,2.179
Lobatae,COR ,Q. castanea,7,31.194,46.5,4.38,58.23,0.252,,,,,497.903,39.206,2.179
Lobatae,COR ,Q. castanea,8,28.011,43,4.22,61.31,0.25,,,,,497.903,39.206,2.179
Lobatae,COR ,Q. castanea,9,22.282,47.37,4.62,64.916,0.346,,,,,497.903,39.206,2.179
Lobatae,COR ,Q. castanea,10,22.918,44.57,4.9,49.677,0.083,,,,,497.903,39.206,2.179
Quercus,CAG,Q. obtusata,1,10.823,39.23,5.04,89.449,0.087,39.8,663.96,16.95,160.314,454.787,52.46,2.879
Quercus,CAG,Q. obtusata,2,32.786,51.1,5.62,76.921,0.128,38.89,1144.05,12.08,153.377,454.787,52.46,2.879
Quercus,CAG,Q. obtusata,3,20.053,45.83,5.23,70.676,0.115,43.19,770.93,16.12,149.55,454.787,52.46,2.879
Quercus,CAG,Q. obtusata,4,13.687,39.97,5.53,82.842,0.09,39.95,795.29,16.61,,454.787,52.46,2.879
Quercus,CAG,Q. obtusata,5,18.144,45.73,5.09,96.381,0.112,41.14,1012.05,13.27,,454.787,52.46,2.879
Quercus,CAG,Q. obtusata,6,13.687,43.67,5.35,89.478,0.118,,,,,454.787,52.46,2.879
Quercus,CAG,Q. obtusata,7,13.051,47.97,5.59,88.284,0.124,,,,,454.787,52.46,2.879
Quercus,CAG,Q. obtusata,8,14.006,37.5,5.58,71.978,0.115,,,,,454.787,52.46,2.879
Quercus,CAG,Q. obtusata,9,21.963,45.13,5.69,67.833,0.127,,,,,454.787,52.46,2.879
Quercus,CAG,Q. rugosa,1,11.141,50.67,5.26,41.372,0.313,34.16,590.67,15.86,79.89,492.226,42.939,2.54
Quercus,CAG,Q. rugosa,2,9.549,45.3,5.05,49.978,0.295,34.79,592.43,16.46,84.341,492.226,42.939,2.54
Quercus,CAG,Q. rugosa,3,10.504,47.97,5.19,48.039,0.322,35.63,631.53,16.49,122.883,492.226,42.939,2.54
Quercus,CAG,Q. rugosa,4,5.411,47.83,5.32,49.485,0.191,34.77,531.16,16.7,,492.226,42.939,2.54
Quercus,CAG,Q. rugosa,5,9.549,48.53,5.15,64.355,0.144,25.97,549.8,17.93,,492.226,42.939,2.54
Quercus,CAG,Q. rugosa,6,14.961,57.3,5.33,54.065,0.176,,,,,492.226,42.939,2.54
Quercus,CAG,Q. rugosa,7,18.144,41.73,5.79,51.355,0.201,,,,,492.226,42.939,2.54
Quercus,CAG,Q. rugosa,8,26.42,39.27,5.79,51.239,0.17,,,,,492.226,42.939,2.54
Quercus,CAG,Q. rugosa,9,14.324,47.7,5.57,64.503,0.12,,,,,492.226,42.939,2.54
Quercus,CAG,Q. rugosa,10,11.141,44.4,5.7,54.797,0.149,,,,,492.226,42.939,2.54
Lobatae,CAG,Q. calophylla,1,17.825,49.5,5.77,70.666,0.105,39.27,612.88,19.88,68.144,433.332,43.648,2.284
Lobatae,CAG,Q. calophylla,2,18.462,53.13,5.68,59.707,0.138,37,439.23,20.88,82.678,433.332,43.648,2.284
Lobatae,CAG,Q. calophylla,3,34.696,44.17,5.98,65.426,0.096,36.87,882.84,12.3,72.17,433.332,43.648,2.284
Lobatae,CAG,Q. calophylla,4,27.056,51.9,5.75,64.195,0.119,37.63,,,,433.332,43.648,2.284
Lobatae,CAG,Q. calophylla,5,14.324,49.57,5.94,69.789,0.095,34.69,,,,433.332,43.648,2.284
Lobatae,CAG,Q. calophylla,6,25.146,54.07,6.07,78.116,0.085,,,,,433.332,43.648,2.284
Lobatae,CAG,Q. calophylla,7,12.732,51.43,5.92,67.326,0.12,,,,,433.332,43.648,2.284
Quercus,CAG,Q. deserticola,1,11.141,50.57,5.24,79.765,0.188,36.81,481.55,18.11,140.055,446.484,52.543,2.575
Quercus,CAG,Q. deserticola,2,13.051,57.3,5.85,70.522,0.245,36.83,529.02,16.79,136.904,446.484,52.543,2.575
Quercus,CAG,Q. deserticola,3,20.053,42.4,5.27,63.154,0.233,38.54,585.16,17.64,151.12,446.484,52.543,2.575
Quercus,CAG,Q. deserticola,4,11.459,55.4,5.46,69.418,0.272,38.99,735.46,18.81,,446.484,52.543,2.575
Quercus,CAG,Q. deserticola,5,14.961,47.17,5.27,49.75,0.226,36.93,680.01,17.76,,446.484,52.543,2.575
Quercus,CAG,Q. deserticola,6,31.831,46.1,5.53,55.245,0.229,,,,,446.484,52.543,2.575
Quercus,CAG,Q. deserticola,7,31.194,48.93,5.26,63.351,0.199,,,,,446.484,52.543,2.575
Quercus,CAG,Q. deserticola,8,17.189,47,5.87,58.919,0.226,,,,,446.484,52.543,2.575
Quercus,CAG,Q. deserticola,9,26.738,51,5.31,56.813,0.197,,,,,446.484,52.543,2.575
Quercus,CAG,Q. deserticola,10,16.234,53,5.05,61.041,0.161,,,,,446.484,52.543,2.575
Lobatae,CAG,Q. castanea,1,8.594,46.5,5.26,71.448,0.155,36.52,496.14,18.21,111.654,445.115,48.233,2.446
Lobatae,CAG,Q. castanea,2,29.921,40.9,5.92,62.597,0.139,28.32,328.33,18.29,115.703,445.115,48.233,2.446
Lobatae,CAG,Q. castanea,3,11.777,41,5.85,75.524,0.135,33.6,394,17.83,120.54,445.115,48.233,2.446
Lobatae,CAG,Q. castanea,4,19.417,47.67,5.59,71.807,0.115,37.13,382.32,18.6,,445.115,48.233,2.446
Lobatae,CAG,Q. castanea,5,29.921,40.9,6.08,66.258,0.125,29.09,398.37,19.57,,445.115,48.233,2.446
Lobatae,CAG,Q. castanea,6,14.006,47.3,5.09,68.101,0.124,,,,,445.115,48.233,2.446
Lobatae,CAG,Q. castanea,7,23.555,50.97,5.65,71.048,0.109,,,,,445.115,48.233,2.446
Lobatae,CAG,Q. castanea,8,7.321,44,5.2,84.216,0.099,,,,,445.115,48.233,2.446
Lobatae,CAG,Q. castanea,9,11.777,49.33,5.5,78.909,0.101,,,,,445.115,48.233,2.446
Lobatae,CAG,Q. castanea,10,32.786,44.53,5.89,72.056,0.215,,,,,445.115,48.233,2.446
Lobatae,CAR ,Q. crassifolia,1,88.172,55.63,5.08,74.469,0.229,39.91,265.58,19.14,130.326,484.335,30.484,1.548
Lobatae,CAR ,Q. crassifolia,2,74.166,44.4,5.83,53.738,0.257,33.46,338.54,20.42,115.141,484.335,30.484,1.548
Lobatae,CAR ,Q. crassifolia,3,57.296,55.43,5.54,53.177,0.167,34.87,277.57,19.59,118.768,484.335,30.484,1.548
Lobatae,CAR ,Q. crassifolia,4,117.456,55.83,5.47,69.068,0.212,41.44,275.8,19.35,,484.335,30.484,1.548
Lobatae,CAR ,Q. crassifolia,5,56.341,54.4,5.38,63.051,0.21,37.15,269.96,18.29,,484.335,30.484,1.548
Lobatae,CAR ,Q. crassifolia,6,73.529,50.2,5.36,70.571,0.176,,,,,484.335,30.484,1.548
Lobatae,CAR ,Q. crassifolia,7,64.935,53.43,5.39,59.376,0.204,,,,,484.335,30.484,1.548
Lobatae,CAR ,Q. crassifolia,8,48.383,52.3,4.98,64.334,0.136,,,,,484.335,30.484,1.548
Lobatae,CAR ,Q. crassifolia,9,54.749,56.03,5.22,58.305,0.196,,,,,484.335,30.484,1.548
Lobatae,CAR ,Q. crassifolia,10,53.158,53.47,5.4,47.776,0.209,,,,,484.335,30.484,1.548